mean_fit_time,std_fit_time,mean_score_time,std_score_time,param_class_weight,param_max_depth,param_max_features,param_min_samples_leaf,param_n_estimators,params,split0_test_score,split1_test_score,split2_test_score,split3_test_score,mean_test_score,std_test_score,rank_test_score
21.104181349277496,6.1829081879646255,2.5042837858200073,0.9540177952130963,balanced,3,sqrt,5,5,"{'class_weight': 'balanced', 'max_depth': 3, 'max_features': 'sqrt', 'min_samples_leaf': 5, 'n_estimators': 5}",0.11480114801148011,0.13203223183263105,0.12013262394941784,0.12399697199091597,0.12274074394611124,0.0062799149987930025,168
23.20490539073944,2.41036986800498,2.6098586320877075,1.1796275448913702,balanced,3,sqrt,5,10,"{'class_weight': 'balanced', 'max_depth': 3, 'max_features': 'sqrt', 'min_samples_leaf': 5, 'n_estimators': 10}",0.1371752624722201,0.15546251678647602,0.13859326238297193,0.1494214321650176,0.1451631184516714,0.007602297245769397,139
26.95450496673584,5.064164660932575,2.1074727177619934,1.2631408357838616,balanced,3,sqrt,5,20,"{'class_weight': 'balanced', 'max_depth': 3, 'max_features': 'sqrt', 'min_samples_leaf': 5, 'n_estimators': 20}",0.1509268975166142,0.17784934693147253,0.15922619047619047,0.17724818469558742,0.16631265490496616,0.011614867446828128,86
52.41871386766434,3.3461742841382143,3.2687204480171204,0.9680375423517847,balanced,3,sqrt,5,50,"{'class_weight': 'balanced', 'max_depth': 3, 'max_features': 'sqrt', 'min_samples_leaf': 5, 'n_estimators': 50}",0.17067307692307693,0.18928402086296822,0.17469247639935157,0.19527338273583017,0.18248073923030672,0.010124404870390326,54
92.68786388635635,4.249139233474587,4.227969467639923,0.9037209440285563,balanced,3,sqrt,5,100,"{'class_weight': 'balanced', 'max_depth': 3, 'max_features': 'sqrt', 'min_samples_leaf': 5, 'n_estimators': 100}",0.18478474542952625,0.20643485211830537,0.1863749378418697,0.20572136734483115,0.19582897568363314,0.01026764190485455,45
107.60475897789001,6.021372890049379,3.341509699821472,1.7103134384619674,balanced,3,sqrt,5,150,"{'class_weight': 'balanced', 'max_depth': 3, 'max_features': 'sqrt', 'min_samples_leaf': 5, 'n_estimators': 150}",0.19231165618880758,0.21033942558746735,0.19134163773739024,0.2200483622774236,0.2035102704477722,0.012182266052024875,37
26.185580253601074,3.9747236789868814,2.5813004970550537,1.1530085270275587,balanced,3,sqrt,10,5,"{'class_weight': 'balanced', 'max_depth': 3, 'max_features': 'sqrt', 'min_samples_leaf': 10, 'n_estimators': 5}",0.11480114801148011,0.13203223183263105,0.12013262394941784,0.12399697199091597,0.12274074394611124,0.0062799149987930025,168
26.31637614965439,4.145203917735287,3.303824543952942,1.2056882370332134,balanced,3,sqrt,10,10,"{'class_weight': 'balanced', 'max_depth': 3, 'max_features': 'sqrt', 'min_samples_leaf': 10, 'n_estimators': 10}",0.1371752624722201,0.15546251678647602,0.13859326238297193,0.1494214321650176,0.1451631184516714,0.007602297245769397,139
32.39984619617462,5.883773113964882,3.588022470474243,1.234677168626264,balanced,3,sqrt,10,20,"{'class_weight': 'balanced', 'max_depth': 3, 'max_features': 'sqrt', 'min_samples_leaf': 10, 'n_estimators': 20}",0.1509268975166142,0.17784934693147253,0.15922619047619047,0.17724818469558742,0.16631265490496616,0.011614867446828128,86
66.50555211305618,4.578936461009071,3.1407339572906494,0.6530567369360109,balanced,3,sqrt,10,50,"{'class_weight': 'balanced', 'max_depth': 3, 'max_features': 'sqrt', 'min_samples_leaf': 10, 'n_estimators': 50}",0.17067307692307693,0.1893199279142559,0.17469247639935157,0.19527338273583017,0.18248971599312863,0.010130447108476992,53
88.01449674367905,4.875177406960354,3.7475576400756836,1.4362409911788092,balanced,3,sqrt,10,100,"{'class_weight': 'balanced', 'max_depth': 3, 'max_features': 'sqrt', 'min_samples_leaf': 10, 'n_estimators': 100}",0.18478474542952625,0.20643485211830537,0.1861205010936568,0.20576386736907346,0.1957759915026405,0.010336887336441895,46
123.26459795236588,7.475203414146251,4.1837198138237,1.227739658559735,balanced,3,sqrt,10,150,"{'class_weight': 'balanced', 'max_depth': 3, 'max_features': 'sqrt', 'min_samples_leaf': 10, 'n_estimators': 150}",0.19231165618880758,0.21036139544599958,0.19109840751327073,0.2200483622774236,0.20345495535637537,0.012246402113436326,38
42.773994505405426,6.399058008643916,4.103960871696472,1.4198093754474357,balanced,3,sqrt,20,5,"{'class_weight': 'balanced', 'max_depth': 3, 'max_features': 'sqrt', 'min_samples_leaf': 20, 'n_estimators': 5}",0.11480114801148011,0.13203223183263105,0.12013262394941784,0.12399697199091597,0.12274074394611124,0.0062799149987930025,168
41.51304078102112,5.408894492642751,1.5386859774589539,0.7194453575356303,balanced,3,sqrt,20,10,"{'class_weight': 'balanced', 'max_depth': 3, 'max_features': 'sqrt', 'min_samples_leaf': 20, 'n_estimators': 10}",0.1371752624722201,0.15546251678647602,0.13859326238297193,0.1494214321650176,0.1451631184516714,0.007602297245769397,139
41.00527888536453,4.254265970057846,2.5939724445343018,1.07788470467023,balanced,3,sqrt,20,20,"{'class_weight': 'balanced', 'max_depth': 3, 'max_features': 'sqrt', 'min_samples_leaf': 20, 'n_estimators': 20}",0.1509268975166142,0.17784934693147253,0.15922619047619047,0.17724818469558742,0.16631265490496616,0.011614867446828128,86
61.86977869272232,10.787884489442357,4.2864328026771545,0.8581144563864086,balanced,3,sqrt,20,50,"{'class_weight': 'balanced', 'max_depth': 3, 'max_features': 'sqrt', 'min_samples_leaf': 20, 'n_estimators': 50}",0.17277777777777778,0.18930197268588772,0.17470913599084495,0.19477671451355663,0.18289140024201675,0.009375379219217623,52
93.55898129940033,3.7944524830958404,2.9132199883461,0.3259691405277421,balanced,3,sqrt,20,100,"{'class_weight': 'balanced', 'max_depth': 3, 'max_features': 'sqrt', 'min_samples_leaf': 20, 'n_estimators': 100}",0.18450980392156863,0.20657276995305165,0.1861019982105577,0.20649149922720247,0.19591901782809512,0.010628074066011194,43
118.18893086910248,9.67709297681846,3.618908166885376,1.1886374586507513,balanced,3,sqrt,20,150,"{'class_weight': 'balanced', 'max_depth': 3, 'max_features': 'sqrt', 'min_samples_leaf': 20, 'n_estimators': 150}",0.1922640536358948,0.20893341682321018,0.19109840751327073,0.2192742023900888,0.20289252009061612,0.011799548073559376,40
31.45525413751602,8.351342738117348,1.823693573474884,1.323493729457975,balanced,3,sqrt,50,5,"{'class_weight': 'balanced', 'max_depth': 3, 'max_features': 'sqrt', 'min_samples_leaf': 50, 'n_estimators': 5}",0.11480114801148011,0.13203223183263105,0.12013262394941784,0.12399697199091597,0.12274074394611124,0.0062799149987930025,168
48.84891504049301,1.3403260151087275,3.943999707698822,1.3502749039000455,balanced,3,sqrt,50,10,"{'class_weight': 'balanced', 'max_depth': 3, 'max_features': 'sqrt', 'min_samples_leaf': 50, 'n_estimators': 10}",0.1371752624722201,0.15546251678647602,0.13886441899575558,0.14906832298136646,0.14514263030895452,0.007496766092892478,142
36.50064092874527,7.381327290601764,3.0693854093551636,1.5077604678761718,balanced,3,sqrt,50,20,"{'class_weight': 'balanced', 'max_depth': 3, 'max_features': 'sqrt', 'min_samples_leaf': 50, 'n_estimators': 20}",0.15095329718383768,0.17758265388406058,0.1593299208934388,0.1777363763390778,0.1664005620751037,0.011642076936612882,85
65.9601919054985,5.825933044849391,2.5537848472595215,0.08507116734444853,balanced,3,sqrt,50,50,"{'class_weight': 'balanced', 'max_depth': 3, 'max_features': 'sqrt', 'min_samples_leaf': 50, 'n_estimators': 50}",0.17068885806749884,0.18898682589328025,0.17479984750285932,0.19357405749527504,0.18201239723972837,0.009520478664436987,55
101.69421875476837,7.930746534354607,4.298688590526581,1.803737101382197,balanced,3,sqrt,50,100,"{'class_weight': 'balanced', 'max_depth': 3, 'max_features': 'sqrt', 'min_samples_leaf': 50, 'n_estimators': 100}",0.18478474542952625,0.2069172331067573,0.18673560703987271,0.2062004325883201,0.19615950454111908,0.010425257177904275,42
114.46957212686539,6.056589785560384,3.790512979030609,1.5209542509256566,balanced,3,sqrt,50,150,"{'class_weight': 'balanced', 'max_depth': 3, 'max_features': 'sqrt', 'min_samples_leaf': 50, 'n_estimators': 150}",0.19245827323305173,0.2116910229645094,0.1911179173047473,0.21842854016196103,0.20342393841606737,0.011886617779905061,39
199.7427862882614,21.55029569975554,1.7825254797935486,0.5562648279056973,balanced,3,0.2,5,5,"{'class_weight': 'balanced', 'max_depth': 3, 'max_features': 0.2, 'min_samples_leaf': 5, 'n_estimators': 5}",0.13686430747597844,0.15253006214187717,0.14011729275637977,0.15319758192809418,0.14567731107558238,0.007281783899365657,135
206.6736820936203,7.720095260019087,2.2810657620429993,1.9917178449006914,balanced,3,0.2,5,10,"{'class_weight': 'balanced', 'max_depth': 3, 'max_features': 0.2, 'min_samples_leaf': 5, 'n_estimators': 10}",0.14209868831980013,0.1541735634901868,0.13878689969158467,0.16585607122248783,0.15022880568101485,0.010686306231046524,128
206.43940144777298,6.400018047932386,3.1311545968055725,1.653485173886069,balanced,3,0.2,5,20,"{'class_weight': 'balanced', 'max_depth': 3, 'max_features': 0.2, 'min_samples_leaf': 5, 'n_estimators': 20}",0.14671627305079263,0.16250528988573848,0.1468847352024922,0.17018759506506675,0.15657347330102253,0.010143554629862,110
411.8233263492584,11.167268473900899,2.3939111828804016,0.8607826442294746,balanced,3,0.2,5,50,"{'class_weight': 'balanced', 'max_depth': 3, 'max_features': 0.2, 'min_samples_leaf': 5, 'n_estimators': 50}",0.15240289664252799,0.16892832289491996,0.14970156476851104,0.17330408369895375,0.16108421700122819,0.010195406249912208,95
713.0984107255936,28.305130714736578,3.1941652297973633,0.7093097348429013,balanced,3,0.2,5,100,"{'class_weight': 'balanced', 'max_depth': 3, 'max_features': 0.2, 'min_samples_leaf': 5, 'n_estimators': 100}",0.1541908713692946,0.16672504378283712,0.150661853188929,0.17263622474961807,0.16105349827266968,0.008963926548603868,99
1053.1374606490135,16.17794250844919,4.379848480224609,0.43872437848192686,balanced,3,0.2,5,150,"{'class_weight': 'balanced', 'max_depth': 3, 'max_features': 0.2, 'min_samples_leaf': 5, 'n_estimators': 150}",0.15405179615705933,0.1667395678418336,0.14817774936061381,0.17346676930972543,0.16060897066730806,0.01000548609987435,103
229.2665633559227,16.87837049170949,4.391529083251953,1.2682649303801459,balanced,3,0.2,10,5,"{'class_weight': 'balanced', 'max_depth': 3, 'max_features': 0.2, 'min_samples_leaf': 10, 'n_estimators': 5}",0.13686430747597844,0.15253006214187717,0.14011729275637977,0.15319758192809418,0.14567731107558238,0.007281783899365657,135
219.71833723783493,26.432559389584558,2.8856165409088135,0.9753743722021366,balanced,3,0.2,10,10,"{'class_weight': 'balanced', 'max_depth': 3, 'max_features': 0.2, 'min_samples_leaf': 10, 'n_estimators': 10}",0.14209868831980013,0.1541735634901868,0.13878689969158467,0.16585607122248783,0.15022880568101485,0.010686306231046524,128
252.39953422546387,4.363438337775011,4.104608833789825,2.141961326157391,balanced,3,0.2,10,20,"{'class_weight': 'balanced', 'max_depth': 3, 'max_features': 0.2, 'min_samples_leaf': 10, 'n_estimators': 20}",0.14671627305079263,0.16250528988573848,0.1468847352024922,0.17018759506506675,0.15657347330102253,0.010143554629862,110
454.4531245827675,6.975420267781679,2.4592865109443665,0.8049534649985671,balanced,3,0.2,10,50,"{'class_weight': 'balanced', 'max_depth': 3, 'max_features': 0.2, 'min_samples_leaf': 10, 'n_estimators': 50}",0.15240289664252799,0.16892832289491996,0.14970156476851104,0.17330408369895375,0.16108421700122819,0.010195406249912208,95
755.6816919445992,33.57008447717288,3.9543362259864807,1.5401553229450191,balanced,3,0.2,10,100,"{'class_weight': 'balanced', 'max_depth': 3, 'max_features': 0.2, 'min_samples_leaf': 10, 'n_estimators': 100}",0.1541908713692946,0.16672504378283712,0.150661853188929,0.17263622474961807,0.16105349827266968,0.008963926548603868,99
1083.875615954399,24.056858824431135,2.3840144872665405,0.8507607096125821,balanced,3,0.2,10,150,"{'class_weight': 'balanced', 'max_depth': 3, 'max_features': 0.2, 'min_samples_leaf': 10, 'n_estimators': 150}",0.15405179615705933,0.1667395678418336,0.14817774936061381,0.17346676930972543,0.16060897066730806,0.01000548609987435,103
257.8596714735031,6.9998234970276405,4.896937787532806,1.3435071194116315,balanced,3,0.2,20,5,"{'class_weight': 'balanced', 'max_depth': 3, 'max_features': 0.2, 'min_samples_leaf': 20, 'n_estimators': 5}",0.13686430747597844,0.15253006214187717,0.14011729275637977,0.15319758192809418,0.14567731107558238,0.007281783899365657,135
255.30811434984207,12.462013776452292,2.5001432299613953,0.9319191654206687,balanced,3,0.2,20,10,"{'class_weight': 'balanced', 'max_depth': 3, 'max_features': 0.2, 'min_samples_leaf': 20, 'n_estimators': 10}",0.14209868831980013,0.1541735634901868,0.13878689969158467,0.16585607122248783,0.15022880568101485,0.010686306231046524,128
265.3373295068741,21.295147429204444,4.576833605766296,2.1771264104430093,balanced,3,0.2,20,20,"{'class_weight': 'balanced', 'max_depth': 3, 'max_features': 0.2, 'min_samples_leaf': 20, 'n_estimators': 20}",0.14671627305079263,0.16250528988573848,0.1468847352024922,0.17018759506506675,0.15657347330102253,0.010143554629862,110
456.04086500406265,8.01589387494739,2.60937637090683,1.3186621458164463,balanced,3,0.2,20,50,"{'class_weight': 'balanced', 'max_depth': 3, 'max_features': 0.2, 'min_samples_leaf': 20, 'n_estimators': 50}",0.15240289664252799,0.16892832289491996,0.14970156476851104,0.17330408369895375,0.16108421700122819,0.010195406249912208,95
768.64499771595,15.258176255199022,3.2298375368118286,1.8456382207496864,balanced,3,0.2,20,100,"{'class_weight': 'balanced', 'max_depth': 3, 'max_features': 0.2, 'min_samples_leaf': 20, 'n_estimators': 100}",0.1541908713692946,0.16672504378283712,0.150661853188929,0.17263622474961807,0.16105349827266968,0.008963926548603868,99
1062.4452412128448,7.646107785057817,2.36998850107193,0.5518708560768908,balanced,3,0.2,20,150,"{'class_weight': 'balanced', 'max_depth': 3, 'max_features': 0.2, 'min_samples_leaf': 20, 'n_estimators': 150}",0.15405179615705933,0.1667395678418336,0.14817774936061381,0.17346676930972543,0.16060897066730806,0.01000548609987435,103
242.7624567747116,16.115411474133246,1.4254415035247803,0.7221505013533389,balanced,3,0.2,50,5,"{'class_weight': 'balanced', 'max_depth': 3, 'max_features': 0.2, 'min_samples_leaf': 50, 'n_estimators': 5}",0.13686430747597844,0.15253006214187717,0.14011729275637977,0.15319758192809418,0.14567731107558238,0.007281783899365657,135
244.73290884494781,22.13982881372062,3.5800748467445374,1.1512458893112443,balanced,3,0.2,50,10,"{'class_weight': 'balanced', 'max_depth': 3, 'max_features': 0.2, 'min_samples_leaf': 50, 'n_estimators': 10}",0.14209868831980013,0.1541735634901868,0.13878689969158467,0.16585607122248783,0.15022880568101485,0.010686306231046524,128
271.2390483021736,14.695194100486287,3.8441925644874573,2.2696123522348994,balanced,3,0.2,50,20,"{'class_weight': 'balanced', 'max_depth': 3, 'max_features': 0.2, 'min_samples_leaf': 50, 'n_estimators': 20}",0.14671627305079263,0.16250528988573848,0.1468847352024922,0.17018759506506675,0.15657347330102253,0.010143554629862,110
501.7537208199501,12.989418306697027,4.336867451667786,1.3051790044622142,balanced,3,0.2,50,50,"{'class_weight': 'balanced', 'max_depth': 3, 'max_features': 0.2, 'min_samples_leaf': 50, 'n_estimators': 50}",0.15240289664252799,0.16892832289491996,0.14970156476851104,0.17330408369895375,0.16108421700122819,0.010195406249912208,95
751.5367820858955,46.55089507852959,4.24237996339798,1.136495643157939,balanced,3,0.2,50,100,"{'class_weight': 'balanced', 'max_depth': 3, 'max_features': 0.2, 'min_samples_leaf': 50, 'n_estimators': 100}",0.1541908713692946,0.16672504378283712,0.150661853188929,0.17263622474961807,0.16105349827266968,0.008963926548603868,99
1011.2600903511047,28.683968948589783,1.8773465752601624,0.3021199590889251,balanced,3,0.2,50,150,"{'class_weight': 'balanced', 'max_depth': 3, 'max_features': 0.2, 'min_samples_leaf': 50, 'n_estimators': 150}",0.15405179615705933,0.1667395678418336,0.14817774936061381,0.17346676930972543,0.16060897066730806,0.01000548609987435,103
78.53679418563843,4.475073177453338,3.222841739654541,0.7070368735920679,balanced,5,sqrt,5,5,"{'class_weight': 'balanced', 'max_depth': 5, 'max_features': 'sqrt', 'min_samples_leaf': 5, 'n_estimators': 5}",0.12484877812726833,0.1375821952453212,0.13206214689265536,0.14073879090988856,0.13380797779378334,0.006033159869042197,155
69.98328876495361,13.298160270919137,3.5556191205978394,0.5493289449043388,balanced,5,sqrt,5,10,"{'class_weight': 'balanced', 'max_depth': 5, 'max_features': 'sqrt', 'min_samples_leaf': 5, 'n_estimators': 10}",0.14333910823379228,0.15909530253237966,0.15141895141895143,0.1600390815828041,0.15347311094198188,0.006738668098573519,123
75.67209452390671,12.0598077166519,2.8390694856643677,0.6573652916433588,balanced,5,sqrt,5,20,"{'class_weight': 'balanced', 'max_depth': 5, 'max_features': 'sqrt', 'min_samples_leaf': 5, 'n_estimators': 20}",0.1654217926186292,0.18732525629077354,0.16368575956531584,0.1823729609200798,0.17470144234869958,0.010315886315921488,79
108.95540428161621,7.857665444039986,2.984453320503235,1.5913348238463316,balanced,5,sqrt,5,50,"{'class_weight': 'balanced', 'max_depth': 5, 'max_features': 'sqrt', 'min_samples_leaf': 5, 'n_estimators': 50}",0.19522832221652128,0.21706263498920086,0.19634464751958225,0.2169173451083207,0.2063882374584063,0.010609220961199557,36
151.88030284643173,11.981943327340582,3.300494968891144,0.3146611860169313,balanced,5,sqrt,5,100,"{'class_weight': 'balanced', 'max_depth': 5, 'max_features': 'sqrt', 'min_samples_leaf': 5, 'n_estimators': 100}",0.2069933998033984,0.24165058631438327,0.21427565817260313,0.23784615384615385,0.22519144953413467,0.014843923334368224,12
220.06275528669357,7.258446629448037,3.803366541862488,1.504906434857983,balanced,5,sqrt,5,150,"{'class_weight': 'balanced', 'max_depth': 5, 'max_features': 'sqrt', 'min_samples_leaf': 5, 'n_estimators': 150}",0.21978021978021978,0.24793650793650793,0.22783269961977187,0.25,0.23638735683412487,0.012919617896143367,2
51.28316444158554,8.241536099309359,2.2574079036712646,0.6813366307958656,balanced,5,sqrt,10,5,"{'class_weight': 'balanced', 'max_depth': 5, 'max_features': 'sqrt', 'min_samples_leaf': 10, 'n_estimators': 5}",0.12497984196097403,0.1372515998652745,0.13428190306803023,0.14293175487465182,0.13486127494223266,0.006496627761943459,152
61.24164927005768,9.830659462422846,2.396772623062134,0.8960992879484075,balanced,5,sqrt,10,10,"{'class_weight': 'balanced', 'max_depth': 5, 'max_features': 'sqrt', 'min_samples_leaf': 10, 'n_estimators': 10}",0.14331297292369405,0.15858605369905351,0.1507662835249042,0.16180914319134418,0.153618613334749,0.0071781308975734925,121
60.89716571569443,5.07463197530133,7.128552973270416,0.24013450306637604,balanced,5,sqrt,10,20,"{'class_weight': 'balanced', 'max_depth': 5, 'max_features': 'sqrt', 'min_samples_leaf': 10, 'n_estimators': 20}",0.16083066386833095,0.18691154248517958,0.16626753335614095,0.18409649841901862,0.17452655953216753,0.011188840472268046,81
121.5714396238327,5.1043128016829025,2.4748013615608215,0.7181185326163206,balanced,5,sqrt,10,50,"{'class_weight': 'balanced', 'max_depth': 5, 'max_features': 'sqrt', 'min_samples_leaf': 10, 'n_estimators': 50}",0.19623031241931319,0.21736785329018338,0.19939814209080203,0.22429386392096842,0.20932254293031677,0.01181913388079175,31
157.2988510131836,11.991653635298904,3.3171839714050293,1.828432282782644,balanced,5,sqrt,10,100,"{'class_weight': 'balanced', 'max_depth': 5, 'max_features': 'sqrt', 'min_samples_leaf': 10, 'n_estimators': 100}",0.20822695035460992,0.24162679425837322,0.21174123681960672,0.2376084262701363,0.22480085192568156,0.014936482651365665,15
210.09008264541626,7.871280920588435,2.4850491881370544,1.2565741290948569,balanced,5,sqrt,10,150,"{'class_weight': 'balanced', 'max_depth': 5, 'max_features': 'sqrt', 'min_samples_leaf': 10, 'n_estimators': 150}",0.21694499770185383,0.24662751944135852,0.22581629539212694,0.24760978771673958,0.23424965006301973,0.01325025842030481,3
73.08107215166092,1.6193896657611715,3.840872883796692,2.138784749662424,balanced,5,sqrt,20,5,"{'class_weight': 'balanced', 'max_depth': 5, 'max_features': 'sqrt', 'min_samples_leaf': 20, 'n_estimators': 5}",0.12462716646513503,0.13691931540342298,0.13416616753657912,0.14290687554395126,0.1346548812372721,0.006595774722556817,154
57.784179747104645,7.481039476331117,3.6167954206466675,1.4758519063566227,balanced,5,sqrt,20,10,"{'class_weight': 'balanced', 'max_depth': 5, 'max_features': 'sqrt', 'min_samples_leaf': 20, 'n_estimators': 10}",0.14237596722803825,0.16037551339722275,0.15153816938853018,0.16125267457693057,0.15388558114768044,0.007654652845576474,119
70.14762932062149,1.049942207045086,2.935913383960724,1.855730811039683,balanced,5,sqrt,20,20,"{'class_weight': 'balanced', 'max_depth': 5, 'max_features': 'sqrt', 'min_samples_leaf': 20, 'n_estimators': 20}",0.16345618528003564,0.18760816891658014,0.1735387403715451,0.1836663161584297,0.17706735268164764,0.009385761939451594,71
91.56526255607605,5.799006351116105,2.9991305470466614,2.1170405671278667,balanced,5,sqrt,20,50,"{'class_weight': 'balanced', 'max_depth': 5, 'max_features': 'sqrt', 'min_samples_leaf': 20, 'n_estimators': 50}",0.19153277225197654,0.21953513368265484,0.19889357218124343,0.22231393589214474,0.2080688535020049,0.013153190904735736,34
132.98590850830078,2.597912937965157,3.8589473366737366,1.4843585405396635,balanced,5,sqrt,20,100,"{'class_weight': 'balanced', 'max_depth': 5, 'max_features': 'sqrt', 'min_samples_leaf': 20, 'n_estimators': 100}",0.20573025856044724,0.24503212311370087,0.2128986534372785,0.2357971899816738,0.2248645562732751,0.016090038934917908,14
193.71516913175583,6.597410656688604,2.4508458971977234,1.0690714008951943,balanced,5,sqrt,20,150,"{'class_weight': 'balanced', 'max_depth': 5, 'max_features': 'sqrt', 'min_samples_leaf': 20, 'n_estimators': 150}",0.21599638499774063,0.24744215331339525,0.2255479969765684,0.246218216929514,0.23380118805430455,0.013466483525183518,4
50.462013483047485,4.0819811631448015,2.8879277110099792,0.805869312173582,balanced,5,sqrt,50,5,"{'class_weight': 'balanced', 'max_depth': 5, 'max_features': 'sqrt', 'min_samples_leaf': 50, 'n_estimators': 5}",0.12300219366969602,0.13908465653392205,0.13137151865475566,0.14518674381904262,0.13466127816935408,0.008323287696772218,153
52.66553217172623,4.839194347714471,3.7358767986297607,1.039702152537193,balanced,5,sqrt,50,10,"{'class_weight': 'balanced', 'max_depth': 5, 'max_features': 'sqrt', 'min_samples_leaf': 50, 'n_estimators': 10}",0.14520917678812414,0.15296737341465777,0.15165695731066756,0.16442128036188416,0.1535636969688334,0.006922361997400472,122
52.830105006694794,1.0340893612991295,1.7396124005317688,0.459584337417221,balanced,5,sqrt,50,20,"{'class_weight': 'balanced', 'max_depth': 5, 'max_features': 'sqrt', 'min_samples_leaf': 50, 'n_estimators': 20}",0.16602359166574798,0.1871966720591634,0.16825396825396827,0.18475210477081386,0.17655658418742337,0.009490197447251278,73
102.04677385091782,4.615048848077625,3.90094393491745,1.086564664999778,balanced,5,sqrt,50,50,"{'class_weight': 'balanced', 'max_depth': 5, 'max_features': 'sqrt', 'min_samples_leaf': 50, 'n_estimators': 50}",0.19534645870621326,0.2219867549668874,0.19614984391259105,0.22030886975536423,0.208447981835264,0.0127168504830096,32
150.2021518945694,3.2587938854844185,2.851775050163269,0.9369927634002687,balanced,5,sqrt,50,100,"{'class_weight': 'balanced', 'max_depth': 5, 'max_features': 'sqrt', 'min_samples_leaf': 50, 'n_estimators': 100}",0.20799324514494794,0.24148516298786726,0.2131793860884258,0.23707025411061286,0.22493201208296348,0.014546389307575628,13
195.37924087047577,13.790377175792072,4.309941828250885,1.5044444969429178,balanced,5,sqrt,50,150,"{'class_weight': 'balanced', 'max_depth': 5, 'max_features': 'sqrt', 'min_samples_leaf': 50, 'n_estimators': 150}",0.21649791542584873,0.24769639231610183,0.22602118003025717,0.24438113327002217,0.2336491552605575,0.012892354855417872,5
328.16473829746246,20.798623048982083,1.8371772766113281,1.17220354561205,balanced,5,0.2,5,5,"{'class_weight': 'balanced', 'max_depth': 5, 'max_features': 0.2, 'min_samples_leaf': 5, 'n_estimators': 5}",0.14304134788962433,0.16033678045209115,0.1490299823633157,0.1610329059445889,0.153360254162405,0.00762844323833101,124
336.76545065641403,6.821784037525769,2.4895612001419067,0.4355776855597402,balanced,5,0.2,5,10,"{'class_weight': 'balanced', 'max_depth': 5, 'max_features': 0.2, 'min_samples_leaf': 5, 'n_estimators': 10}",0.15595325054784515,0.17042801556420234,0.1570210033935614,0.18020329616105793,0.1659013914166667,0.010035706298979695,92
324.5145010948181,5.486183704936499,2.6415863633155823,1.4063713504751074,balanced,5,0.2,5,20,"{'class_weight': 'balanced', 'max_depth': 5, 'max_features': 0.2, 'min_samples_leaf': 5, 'n_estimators': 20}",0.1644603343318195,0.1794206209116395,0.16930501930501932,0.19250356488083112,0.17642238485732734,0.010739428704145505,75
665.9386258125305,11.94792512270797,2.7623560428619385,0.37738595045418166,balanced,5,0.2,5,50,"{'class_weight': 'balanced', 'max_depth': 5, 'max_features': 0.2, 'min_samples_leaf': 5, 'n_estimators': 50}",0.16918610471518672,0.18359541011474714,0.168462291870715,0.1928986710963455,0.1785356194492486,0.010256511205847795,68
1205.7339010238647,40.50732731814117,2.579263150691986,2.0612818190291593,balanced,5,0.2,5,100,"{'class_weight': 'balanced', 'max_depth': 5, 'max_features': 0.2, 'min_samples_leaf': 5, 'n_estimators': 100}",0.17305110996386164,0.1870299727520436,0.169394029554696,0.195003175947491,0.18111957205452306,0.010371544254422493,61
1616.0084863901138,31.53082771866414,4.115913033485413,0.658519678154218,balanced,5,0.2,5,150,"{'class_weight': 'balanced', 'max_depth': 5, 'max_features': 0.2, 'min_samples_leaf': 5, 'n_estimators': 150}",0.17159946375167578,0.18843729623994784,0.16897506925207756,0.19626368907021688,0.1813188795784795,0.011411133641088245,60
333.2268388867378,7.370015901398936,2.5651568174362183,0.8350745655399747,balanced,5,0.2,10,5,"{'class_weight': 'balanced', 'max_depth': 5, 'max_features': 0.2, 'min_samples_leaf': 10, 'n_estimators': 5}",0.14304134788962433,0.16027810813283322,0.1490299823633157,0.1610329059445889,0.15334558608259052,0.00761505923872195,125
389.5467948913574,13.627126420038582,2.24882709980011,1.1652738964237195,balanced,5,0.2,10,10,"{'class_weight': 'balanced', 'max_depth': 5, 'max_features': 0.2, 'min_samples_leaf': 10, 'n_estimators': 10}",0.15595325054784515,0.17042801556420234,0.15710357470210815,0.18020329616105793,0.1659220342438034,0.010017487043594415,91
405.76708859205246,15.65741174541824,2.1721766591072083,1.0488607976616648,balanced,5,0.2,10,20,"{'class_weight': 'balanced', 'max_depth': 5, 'max_features': 0.2, 'min_samples_leaf': 10, 'n_estimators': 20}",0.16449212332076932,0.1793833696667705,0.16927234124686355,0.19250356488083112,0.1764128497788086,0.010733425388493303,76
706.2087027430534,37.92374400776949,3.349691867828369,1.9411879790431297,balanced,5,0.2,10,50,"{'class_weight': 'balanced', 'max_depth': 5, 'max_features': 0.2, 'min_samples_leaf': 10, 'n_estimators': 50}",0.1691242852843816,0.18398130444019545,0.16842929886408148,0.19420926100135882,0.17893603739750435,0.010786427964396791,66
1182.8368540406227,29.674599172810336,2.4635329842567444,0.7874669370394867,balanced,5,0.2,10,100,"{'class_weight': 'balanced', 'max_depth': 5, 'max_features': 0.2, 'min_samples_leaf': 10, 'n_estimators': 100}",0.17247440802398925,0.1874864218987617,0.16927961897201826,0.19480106100795755,0.1810103774756817,0.010518977768877882,62
1722.5640293359756,32.86113423752295,3.7638173699378967,0.5379943621751848,balanced,5,0.2,10,150,"{'class_weight': 'balanced', 'max_depth': 5, 'max_features': 0.2, 'min_samples_leaf': 10, 'n_estimators': 150}",0.17162872154115585,0.1881918819188192,0.16833349836617487,0.19718309859154928,0.18133430010442478,0.011847256464174102,59
362.4905750155449,20.941302234658803,2.843055546283722,0.5218254069416213,balanced,5,0.2,20,5,"{'class_weight': 'balanced', 'max_depth': 5, 'max_features': 0.2, 'min_samples_leaf': 20, 'n_estimators': 5}",0.1430167597765363,0.1602634467618002,0.1491274457958752,0.16398771898139786,0.1540988428289024,0.008416049644108928,118
362.88450026512146,3.072747456046086,2.481807291507721,0.6103310320919436,balanced,5,0.2,20,10,"{'class_weight': 'balanced', 'max_depth': 5, 'max_features': 0.2, 'min_samples_leaf': 20, 'n_estimators': 10}",0.1557848598301525,0.17020035012643456,0.15724365435718868,0.18099813707226198,0.16605675034650944,0.010290734329017719,90
377.04904276132584,28.869169932010674,3.768932282924652,2.123270932715108,balanced,5,0.2,20,20,"{'class_weight': 'balanced', 'max_depth': 5, 'max_features': 0.2, 'min_samples_leaf': 20, 'n_estimators': 20}",0.1625325740758614,0.17913855734302023,0.16920702295967585,0.1930783242258652,0.17598911965110567,0.011500383962326688,78
718.0916648507118,15.243912063779934,3.9529128670692444,1.849301427309999,balanced,5,0.2,20,50,"{'class_weight': 'balanced', 'max_depth': 5, 'max_features': 0.2, 'min_samples_leaf': 20, 'n_estimators': 50}",0.1678363745738921,0.18399830220713073,0.16844579375183624,0.19332015399021954,0.17840015613076965,0.010777620177604343,70
1238.9937725663185,60.06516015208001,2.3135664463043213,1.8934339331760195,balanced,5,0.2,20,100,"{'class_weight': 'balanced', 'max_depth': 5, 'max_features': 0.2, 'min_samples_leaf': 20, 'n_estimators': 100}",0.1740748397767211,0.1875,0.16938046068308182,0.19709036848253159,0.18201141723558362,0.010954789325466221,56
1719.2972998023033,12.701746430464427,3.862171232700348,1.008235279223522,balanced,5,0.2,20,150,"{'class_weight': 'balanced', 'max_depth': 5, 'max_features': 0.2, 'min_samples_leaf': 20, 'n_estimators': 150}",0.17145801133436372,0.18787287124416965,0.1684981684981685,0.19875376020627417,0.181645702820744,0.012329942930375514,58
386.7726287841797,12.323028688979537,3.000405490398407,1.650627204237694,balanced,5,0.2,50,5,"{'class_weight': 'balanced', 'max_depth': 5, 'max_features': 0.2, 'min_samples_leaf': 50, 'n_estimators': 5}",0.14416912146941605,0.15797587739185634,0.1496551724137931,0.1633279191481682,0.15378202260580842,0.007384973248585329,120
391.2113211750984,5.912772869267194,3.045802116394043,0.43775412653608403,balanced,5,0.2,50,10,"{'class_weight': 'balanced', 'max_depth': 5, 'max_features': 0.2, 'min_samples_leaf': 50, 'n_estimators': 10}",0.15805803978828253,0.1676693188433922,0.15710134398837633,0.18050259118020925,0.1658328234500651,0.00942418159793603,93
421.27935737371445,17.92566827034011,2.2843647599220276,1.186015647503061,balanced,5,0.2,50,20,"{'class_weight': 'balanced', 'max_depth': 5, 'max_features': 0.2, 'min_samples_leaf': 50, 'n_estimators': 20}",0.15989159891598917,0.17731745209735889,0.16791546589817483,0.193574459486765,0.17467474409957198,0.012534077255638303,80
725.7633368968964,19.717733121667557,3.431954324245453,0.7754387090466957,balanced,5,0.2,50,50,"{'class_weight': 'balanced', 'max_depth': 5, 'max_features': 0.2, 'min_samples_leaf': 50, 'n_estimators': 50}",0.16633306645316254,0.18473298651661535,0.16854042428389873,0.19543094496365523,0.17875935555433295,0.01196312435614429,67
1173.0388805866241,35.41606871636306,3.3532336950302124,0.9655498674115326,balanced,5,0.2,50,100,"{'class_weight': 'balanced', 'max_depth': 5, 'max_features': 0.2, 'min_samples_leaf': 50, 'n_estimators': 100}",0.1734294541709578,0.18830675778283978,0.16920039486673247,0.19680067354241212,0.18193432009073554,0.011136673908912683,57
1621.6256232857704,41.222667143841825,3.1229633688926697,0.3730100486999398,balanced,5,0.2,50,150,"{'class_weight': 'balanced', 'max_depth': 5, 'max_features': 0.2, 'min_samples_leaf': 50, 'n_estimators': 150}",0.17087697679194908,0.1875,0.16914443241114502,0.1954535797748035,0.1807437472444744,0.01111219361931294,63
92.56427758932114,4.488219346350525,3.171257257461548,1.128182526080833,balanced,7,sqrt,5,5,"{'class_weight': 'balanced', 'max_depth': 7, 'max_features': 'sqrt', 'min_samples_leaf': 5, 'n_estimators': 5}",0.1190755138992438,0.14573676835183788,0.12807671816728822,0.13142735225090676,0.13107908816731917,0.009592560881873994,160
82.5414183139801,12.161012176009434,3.6260679960250854,1.3298440405633238,balanced,7,sqrt,5,10,"{'class_weight': 'balanced', 'max_depth': 7, 'max_features': 'sqrt', 'min_samples_leaf': 5, 'n_estimators': 10}",0.14892443463872035,0.16189290161892902,0.14730878186968838,0.15910318746623447,0.15430732639839306,0.006294767351242237,117
84.59432917833328,5.0885413941969695,3.87278550863266,2.6815485899865177,balanced,7,sqrt,5,20,"{'class_weight': 'balanced', 'max_depth': 7, 'max_features': 'sqrt', 'min_samples_leaf': 5, 'n_estimators': 20}",0.17236817236817237,0.18850749099184524,0.18181818181818182,0.1939936578996456,0.18417187576946129,0.008064307979784508,49
142.9284434914589,13.31477062008759,2.8408437967300415,0.8612099446998699,balanced,7,sqrt,5,50,"{'class_weight': 'balanced', 'max_depth': 7, 'max_features': 'sqrt', 'min_samples_leaf': 5, 'n_estimators': 50}",0.19820717131474103,0.21776649746192894,0.21735689791611712,0.2319667877529839,0.21632433861144273,0.012000666303065066,22
216.8467213511467,6.082557249141556,2.5404092669487,0.5908309440147872,balanced,7,sqrt,5,100,"{'class_weight': 'balanced', 'max_depth': 7, 'max_features': 'sqrt', 'min_samples_leaf': 5, 'n_estimators': 100}",0.19994102034797995,0.23974396275821938,0.2291227012360567,0.24415744157441574,0.22824128147916795,0.017228736965214996,10
280.7860288619995,6.382404169409769,4.008813202381134,2.077169219240028,balanced,7,sqrt,5,150,"{'class_weight': 'balanced', 'max_depth': 7, 'max_features': 'sqrt', 'min_samples_leaf': 5, 'n_estimators': 150}",0.19902755267423014,0.2385496183206107,0.2374636040116467,0.2482758620689655,0.23082915926886327,0.018837137293188054,8
72.63418889045715,7.700868936804452,1.9497789144515991,0.7350746471090838,balanced,7,sqrt,10,5,"{'class_weight': 'balanced', 'max_depth': 7, 'max_features': 'sqrt', 'min_samples_leaf': 10, 'n_estimators': 5}",0.12523346112257938,0.13864558854945525,0.12918454935622317,0.13813943449169006,0.13280075837998698,0.005766377932053943,159
75.88019144535065,6.632676242375325,4.5242937207221985,2.6845311629234945,balanced,7,sqrt,10,10,"{'class_weight': 'balanced', 'max_depth': 7, 'max_features': 'sqrt', 'min_samples_leaf': 10, 'n_estimators': 10}",0.14111794737531091,0.155794109551335,0.14488935721812435,0.16236679753224903,0.15104205291925482,0.008473125427227047,127
83.81256729364395,3.3598342170797753,2.251359760761261,1.1689007405358136,balanced,7,sqrt,10,20,"{'class_weight': 'balanced', 'max_depth': 7, 'max_features': 'sqrt', 'min_samples_leaf': 10, 'n_estimators': 20}",0.16478999106344952,0.1900952380952381,0.1639819004524887,0.1950943396226415,0.17849036730845447,0.014217602139193397,69
138.11497151851654,2.0103004518999104,2.8272224068641663,0.8217994509395802,balanced,7,sqrt,10,50,"{'class_weight': 'balanced', 'max_depth': 7, 'max_features': 'sqrt', 'min_samples_leaf': 10, 'n_estimators': 50}",0.20307249159865579,0.21915002560163852,0.2077342588001983,0.22180451127819548,0.212940321819672,0.007771927708906917,27
226.33311760425568,6.919183559017508,4.7685078382492065,2.5099265480279853,balanced,7,sqrt,10,100,"{'class_weight': 'balanced', 'max_depth': 7, 'max_features': 'sqrt', 'min_samples_leaf': 10, 'n_estimators': 100}",0.2007808142777468,0.23115577889447236,0.21897374701670644,0.23764777205213702,0.22213952806026566,0.014035804526959501,16
323.571081161499,8.505695550207433,2.3901541233062744,0.6615611316146719,balanced,7,sqrt,10,150,"{'class_weight': 'balanced', 'max_depth': 7, 'max_features': 'sqrt', 'min_samples_leaf': 10, 'n_estimators': 150}",0.20522388059701493,0.23668261562998405,0.2275064267352185,0.24018475750577367,0.22739942011699776,0.013614409411500588,11
84.38905465602875,7.777131670575046,4.47476464509964,1.9688633483000766,balanced,7,sqrt,20,5,"{'class_weight': 'balanced', 'max_depth': 7, 'max_features': 'sqrt', 'min_samples_leaf': 20, 'n_estimators': 5}",0.12478229689580986,0.13952020202020202,0.12925840727352395,0.14035469481014035,0.13347890024991904,0.006656150328389837,158
97.19105511903763,6.782978748046517,2.6343982219696045,1.4104953986759146,balanced,7,sqrt,20,10,"{'class_weight': 'balanced', 'max_depth': 7, 'max_features': 'sqrt', 'min_samples_leaf': 20, 'n_estimators': 10}",0.15394668060637742,0.16784004505773023,0.14881593110871905,0.15569023569023568,0.1565732231157656,0.006978453415725276,114
87.0817283987999,11.24836603991837,2.853661298751831,2.0725717974448785,balanced,7,sqrt,20,20,"{'class_weight': 'balanced', 'max_depth': 7, 'max_features': 'sqrt', 'min_samples_leaf': 20, 'n_estimators': 20}",0.1811188811188811,0.19763899466869764,0.15947467166979362,0.19633699633699633,0.18364238594859217,0.015390781970584938,51
144.58910489082336,12.83883996573093,4.612720251083374,1.8557427610804156,balanced,7,sqrt,20,50,"{'class_weight': 'balanced', 'max_depth': 7, 'max_features': 'sqrt', 'min_samples_leaf': 20, 'n_estimators': 50}",0.2132957481794691,0.22003113648157757,0.20709146968139774,0.22188449848024316,0.2155757132056719,0.0058487647607855,23
204.28669571876526,22.821730117430924,3.4328702092170715,1.9233813298574631,balanced,7,sqrt,20,100,"{'class_weight': 'balanced', 'max_depth': 7, 'max_features': 'sqrt', 'min_samples_leaf': 20, 'n_estimators': 100}",0.2188365650969529,0.23919478981645945,0.2234803337306317,0.2465034965034965,0.2320037962868851,0.011269173499762064,7
271.37093073129654,6.42081324461621,2.847452938556671,1.7160448477892751,balanced,7,sqrt,20,150,"{'class_weight': 'balanced', 'max_depth': 7, 'max_features': 'sqrt', 'min_samples_leaf': 20, 'n_estimators': 150}",0.22103068215668753,0.24168797953964194,0.22747893713545042,0.2436678422571337,0.2334663602722284,0.00951525858921894,6
79.27162945270538,6.635274338198999,3.3450081944465637,1.4097160144350913,balanced,7,sqrt,50,5,"{'class_weight': 'balanced', 'max_depth': 7, 'max_features': 'sqrt', 'min_samples_leaf': 50, 'n_estimators': 5}",0.12765537002272503,0.14122577265584074,0.13029728020240355,0.1355357899195256,0.13367855320012373,0.005199076658846701,157
74.08581620454788,8.172035075047374,2.516130805015564,0.5696733492175922,balanced,7,sqrt,50,10,"{'class_weight': 'balanced', 'max_depth': 7, 'max_features': 'sqrt', 'min_samples_leaf': 50, 'n_estimators': 10}",0.15396558416353992,0.15527448869752422,0.14938511326860843,0.16457051110516457,0.15579892430870929,0.0055162005897183685,115
85.0189757347107,8.760159592521378,2.577290713787079,0.8556346157034125,balanced,7,sqrt,50,20,"{'class_weight': 'balanced', 'max_depth': 7, 'max_features': 'sqrt', 'min_samples_leaf': 50, 'n_estimators': 20}",0.17373175816539263,0.19157088122605365,0.17195861576881913,0.19860937778570156,0.18396765823649172,0.011414680267561228,50
121.27367341518402,4.624793003843507,3.546876847743988,1.3261487100806837,balanced,7,sqrt,50,50,"{'class_weight': 'balanced', 'max_depth': 7, 'max_features': 'sqrt', 'min_samples_leaf': 50, 'n_estimators': 50}",0.20253748558246829,0.2300194931773879,0.21526607271851672,0.22604899345137036,0.2184680112324358,0.010664685699301546,17
172.51205837726593,3.2519241363309512,4.112748026847839,1.6128070815176876,balanced,7,sqrt,50,100,"{'class_weight': 'balanced', 'max_depth': 7, 'max_features': 'sqrt', 'min_samples_leaf': 50, 'n_estimators': 100}",0.2162309368191721,0.23634272570442783,0.2257436752849597,0.23946413619871615,0.22944536850181896,0.009168873702803603,9
249.97808301448822,16.478607782810464,2.3374733328819275,1.1278640834251346,balanced,7,sqrt,50,150,"{'class_weight': 'balanced', 'max_depth': 7, 'max_features': 'sqrt', 'min_samples_leaf': 50, 'n_estimators': 150}",0.22334723049434188,0.25084745762711863,0.23564593301435408,0.2400975015234613,0.23748453066481898,0.009856966205916706,1
421.34653556346893,11.275125436053496,3.050835430622101,1.468195865618513,balanced,7,0.2,5,5,"{'class_weight': 'balanced', 'max_depth': 7, 'max_features': 0.2, 'min_samples_leaf': 5, 'n_estimators': 5}",0.14706856575024843,0.1649706692206393,0.15222974550548682,0.1640625,0.15708287011909364,0.00766113109220587,108
425.1210454106331,21.181718454939634,2.1587096452713013,0.5499598509832853,balanced,7,0.2,5,10,"{'class_weight': 'balanced', 'max_depth': 7, 'max_features': 0.2, 'min_samples_leaf': 5, 'n_estimators': 10}",0.16226415094339622,0.18631445833918786,0.16816173517204444,0.18767585818795723,0.17610405066064644,0.011099350813394158,77
430.104667365551,12.122695225383815,3.1704283952713013,0.6816108027352479,balanced,7,0.2,5,20,"{'class_weight': 'balanced', 'max_depth': 7, 'max_features': 0.2, 'min_samples_leaf': 5, 'n_estimators': 20}",0.1811367895065584,0.19938100667861214,0.19337016574585636,0.20965474144664897,0.19588567584441896,0.01031578819652279,44
832.739761531353,31.931562282483405,3.3912104964256287,2.3106277936048576,balanced,7,0.2,5,50,"{'class_weight': 'balanced', 'max_depth': 7, 'max_features': 0.2, 'min_samples_leaf': 5, 'n_estimators': 50}",0.18905299739357082,0.21668194317140238,0.20539806484467832,0.22265486725663716,0.20844696816657218,0.012797471661366692,33
1470.5805272459984,81.38155255859171,4.237921476364136,1.0414278182865273,balanced,7,0.2,5,100,"{'class_weight': 'balanced', 'max_depth': 7, 'max_features': 0.2, 'min_samples_leaf': 5, 'n_estimators': 100}",0.19366386253803472,0.2256720939038243,0.2124819624819625,0.22912404686628232,0.21523549144752596,0.01391700163490393,24
2134.259219765663,38.657384740998886,3.9304531812667847,0.7869563911936457,balanced,7,0.2,5,150,"{'class_weight': 'balanced', 'max_depth': 7, 'max_features': 0.2, 'min_samples_leaf': 5, 'n_estimators': 150}",0.19370107409430184,0.2277208583027257,0.21780721118469462,0.2278866273540042,0.21677894273393158,0.013935131241653746,20
421.58422088623047,10.73570058621518,2.377607524394989,0.9292274629416503,balanced,7,0.2,10,5,"{'class_weight': 'balanced', 'max_depth': 7, 'max_features': 0.2, 'min_samples_leaf': 10, 'n_estimators': 5}",0.1510032876091146,0.1722282023681378,0.15528312901342672,0.17213989330171903,0.16266362807309953,0.009639968752987805,94
465.06327599287033,17.766194085429152,3.7733393907546997,1.0621462758872247,balanced,7,0.2,10,10,"{'class_weight': 'balanced', 'max_depth': 7, 'max_features': 0.2, 'min_samples_leaf': 10, 'n_estimators': 10}",0.1676069905050227,0.18848614072494668,0.16487640740261422,0.19606717381943448,0.17925917811300454,0.013325568731472706,65
496.84586358070374,17.593528570177906,3.4702556133270264,0.47654205526774623,balanced,7,0.2,10,20,"{'class_weight': 'balanced', 'max_depth': 7, 'max_features': 0.2, 'min_samples_leaf': 10, 'n_estimators': 20}",0.17947509036617948,0.20326385522701568,0.18644578313253013,0.20481730296575454,0.19350050792286994,0.010838291841094971,47
877.5105366706848,28.17490881620198,3.1119258999824524,0.5009706745757027,balanced,7,0.2,10,50,"{'class_weight': 'balanced', 'max_depth': 7, 'max_features': 0.2, 'min_samples_leaf': 10, 'n_estimators': 50}",0.19334719334719336,0.2178002894356006,0.19847074468085107,0.21788502484031227,0.20687581307598932,0.011115480802654598,35
1489.790428519249,18.58169996520226,3.2569366693496704,0.6786264575699308,balanced,7,0.2,10,100,"{'class_weight': 'balanced', 'max_depth': 7, 'max_features': 0.2, 'min_samples_leaf': 10, 'n_estimators': 100}",0.1972997299729973,0.22534156840726183,0.2082018927444795,0.22074320576816417,0.2128965992232257,0.01097439168693397,28
2283.0544039011,14.997025099760052,3.370320439338684,1.904369140901918,balanced,7,0.2,10,150,"{'class_weight': 'balanced', 'max_depth': 7, 'max_features': 0.2, 'min_samples_leaf': 10, 'n_estimators': 150}",0.1975755382666908,0.23242412600845178,0.2115281019931765,0.22703936109526526,0.21714178184089608,0.013655249973819271,19
461.9984809756279,10.595893866441264,3.3584123849868774,1.5458270780171461,balanced,7,0.2,20,5,"{'class_weight': 'balanced', 'max_depth': 7, 'max_features': 0.2, 'min_samples_leaf': 20, 'n_estimators': 5}",0.14588859416445624,0.1692047377326565,0.15386403253922137,0.1584385763490241,0.15684898519633955,0.008429583837717332,109
476.0252624154091,25.70636938201574,2.712061047554016,1.3284371634628684,balanced,7,0.2,20,10,"{'class_weight': 'balanced', 'max_depth': 7, 'max_features': 0.2, 'min_samples_leaf': 20, 'n_estimators': 10}",0.16389109172614327,0.18586723768736615,0.16573853089366217,0.18003639927201456,0.17388331489479653,0.009322779670365749,82
493.03133058547974,27.464244232455243,4.860564410686493,1.7434866638450157,balanced,7,0.2,20,20,"{'class_weight': 'balanced', 'max_depth': 7, 'max_features': 0.2, 'min_samples_leaf': 20, 'n_estimators': 20}",0.18231540565177756,0.20362212432697013,0.17849462365591398,0.20294070124414285,0.19184321371970114,0.011520209934278543,48
942.2204590439796,11.805672738282643,3.3715651631355286,0.6984014160502747,balanced,7,0.2,20,50,"{'class_weight': 'balanced', 'max_depth': 7, 'max_features': 0.2, 'min_samples_leaf': 20, 'n_estimators': 50}",0.19310344827586207,0.2227453821079319,0.2017368069472278,0.21990454304401627,0.20937254509375952,0.012376830763005855,30
1689.3229595422745,28.102622224780024,4.152519762516022,1.782586193886515,balanced,7,0.2,20,100,"{'class_weight': 'balanced', 'max_depth': 7, 'max_features': 0.2, 'min_samples_leaf': 20, 'n_estimators': 100}",0.19466192170818505,0.22775404049786366,0.20751720487030176,0.22798887859128822,0.21448051141690969,0.014141487670022176,25
2240.768813073635,21.429034114900034,2.206326127052307,0.7228671229055392,balanced,7,0.2,20,150,"{'class_weight': 'balanced', 'max_depth': 7, 'max_features': 0.2, 'min_samples_leaf': 20, 'n_estimators': 150}",0.19673308203195117,0.22865795949271248,0.2143874643874644,0.22958309537407195,0.21734040032155,0.013335592651448397,18
516.6841577887535,11.991609813919858,2.2910507321357727,0.4431230284472464,balanced,7,0.2,50,5,"{'class_weight': 'balanced', 'max_depth': 7, 'max_features': 0.2, 'min_samples_leaf': 50, 'n_estimators': 5}",0.1478014801915542,0.17006722490859771,0.1538280606844643,0.15992668117768358,0.15790586174057494,0.008226625268652765,107
488.32176846265793,33.57341353316004,3.844431221485138,1.407710498702668,balanced,7,0.2,50,10,"{'class_weight': 'balanced', 'max_depth': 7, 'max_features': 0.2, 'min_samples_leaf': 50, 'n_estimators': 10}",0.16374122367101304,0.1897810218978102,0.16549529240153826,0.18670284938941656,0.17643009683994454,0.011878069027064633,74
547.9414440989494,15.841301966186608,3.355310618877411,0.4157152301184791,balanced,7,0.2,50,20,"{'class_weight': 'balanced', 'max_depth': 7, 'max_features': 0.2, 'min_samples_leaf': 50, 'n_estimators': 20}",0.17846693973083674,0.21642969984202212,0.1821800367421923,0.20802803440586173,0.19627617768022823,0.016279901241321715,41
965.6217011809349,27.67597163380362,3.2312034368515015,0.4817305413010506,balanced,7,0.2,50,50,"{'class_weight': 'balanced', 'max_depth': 7, 'max_features': 0.2, 'min_samples_leaf': 50, 'n_estimators': 50}",0.1923393062633569,0.22580061516193234,0.20243982855258819,0.21896815937340372,0.20988697733782027,0.013220178905061723,29
1547.34827542305,70.6706048740857,5.190060198307037,1.033071498062503,balanced,7,0.2,50,100,"{'class_weight': 'balanced', 'max_depth': 7, 'max_features': 0.2, 'min_samples_leaf': 50, 'n_estimators': 100}",0.19684371287968777,0.22745675377254324,0.20894503243427792,0.2238486254908961,0.21427353114435124,0.012223657941182724,26
2113.330043077469,28.652511306187357,3.5853464603424072,0.40565753603878707,balanced,7,0.2,50,150,"{'class_weight': 'balanced', 'max_depth': 7, 'max_features': 0.2, 'min_samples_leaf': 50, 'n_estimators': 150}",0.19950997549877494,0.22972972972972974,0.21014492753623187,0.22649807586586038,0.21647067715764923,0.012288528278406981,21
117.75689470767975,7.035763045962464,3.6717528104782104,0.5405044025955704,balanced,10,sqrt,5,5,"{'class_weight': 'balanced', 'max_depth': 10, 'max_features': 'sqrt', 'min_samples_leaf': 5, 'n_estimators': 5}",0.1051912568306011,0.13492475350285418,0.11933937133724028,0.1133746678476528,0.1182075123795871,0.01088033260359981,176
101.43357986211777,6.374287094846499,3.1935797929763794,0.8657250299209572,balanced,10,sqrt,5,10,"{'class_weight': 'balanced', 'max_depth': 10, 'max_features': 'sqrt', 'min_samples_leaf': 5, 'n_estimators': 10}",0.10517711171662125,0.11511627906976744,0.12191742865059574,0.11257350882105853,0.11369608206451075,0.005988332942009127,177
111.33522993326187,11.688853556604002,4.194282114505768,0.7568974447630565,balanced,10,sqrt,5,20,"{'class_weight': 'balanced', 'max_depth': 10, 'max_features': 'sqrt', 'min_samples_leaf': 5, 'n_estimators': 20}",0.0940550133096717,0.08108108108108109,0.09176029962546817,0.10833685992382565,0.09380831348501165,0.009712315993891526,181
190.5776930451393,8.067125195737294,4.275621652603149,1.768651469820412,balanced,10,sqrt,5,50,"{'class_weight': 'balanced', 'max_depth': 10, 'max_features': 'sqrt', 'min_samples_leaf': 5, 'n_estimators': 50}",0.046511627906976744,0.0447427293064877,0.03680981595092025,0.0387906446092413,0.0417137044434065,0.004024532964341667,186
268.02199125289917,6.414846939703228,2.805505156517029,1.2024228036115368,balanced,10,sqrt,5,100,"{'class_weight': 'balanced', 'max_depth': 10, 'max_features': 'sqrt', 'min_samples_leaf': 5, 'n_estimators': 100}",0.027194066749072928,0.025596276905177427,0.030398986700443317,0.014405762304921969,0.02439877316490391,0.00602309119035759,190
345.5811575651169,18.373940204943274,4.358078062534332,0.4572942859327183,balanced,10,sqrt,5,150,"{'class_weight': 'balanced', 'max_depth': 10, 'max_features': 'sqrt', 'min_samples_leaf': 5, 'n_estimators': 150}",0.018963337547408345,0.01639344262295082,0.015513897866839044,0.016857314870559904,0.016931998226939526,0.0012681647969120186,192
77.45389193296432,10.340784264019199,2.220888376235962,0.5831933875717684,balanced,10,sqrt,10,5,"{'class_weight': 'balanced', 'max_depth': 10, 'max_features': 'sqrt', 'min_samples_leaf': 10, 'n_estimators': 5}",0.11099761661559414,0.1225130890052356,0.12317880794701987,0.11820248295156496,0.11872299912985365,0.004852099688848525,174
84.36838614940643,2.423742790812345,3.0754209756851196,0.4388248584695069,balanced,10,sqrt,10,10,"{'class_weight': 'balanced', 'max_depth': 10, 'max_features': 'sqrt', 'min_samples_leaf': 10, 'n_estimators': 10}",0.11907327586206896,0.12227805695142378,0.13017443374121324,0.12963456921845826,0.12529008394329105,0.004755324241655146,165
99.0101597905159,14.434800280814775,4.017078101634979,1.7981429053344031,balanced,10,sqrt,10,20,"{'class_weight': 'balanced', 'max_depth': 10, 'max_features': 'sqrt', 'min_samples_leaf': 10, 'n_estimators': 20}",0.10044052863436123,0.07637017070979335,0.10284167794316644,0.10228690228690229,0.09548481989355583,0.011071591436984126,179
176.1242818236351,8.605083131343765,4.053612291812897,1.6206047718240313,balanced,10,sqrt,10,50,"{'class_weight': 'balanced', 'max_depth': 10, 'max_features': 'sqrt', 'min_samples_leaf': 10, 'n_estimators': 50}",0.0485207100591716,0.03678929765886288,0.04528763769889841,0.05148741418764302,0.04552126490114398,0.005497577697375173,185
290.02307653427124,9.44334141006292,3.1647436022758484,0.8067855183927509,balanced,10,sqrt,10,100,"{'class_weight': 'balanced', 'max_depth': 10, 'max_features': 'sqrt', 'min_samples_leaf': 10, 'n_estimators': 100}",0.027551659361302442,0.025477707006369428,0.02911392405063291,0.03569303985722784,0.029459082568883157,0.003823315725199317,188
403.4817597270012,14.724024733893364,3.3881980776786804,1.742380069484746,balanced,10,sqrt,10,150,"{'class_weight': 'balanced', 'max_depth': 10, 'max_features': 'sqrt', 'min_samples_leaf': 10, 'n_estimators': 150}",0.02402022756005057,0.019883040935672516,0.025673940949935817,0.016877637130801686,0.021613711644115147,0.00345334633964703,191
104.67111629247665,6.111393365839124,2.7920247316360474,0.6882696124925975,balanced,10,sqrt,20,5,"{'class_weight': 'balanced', 'max_depth': 10, 'max_features': 'sqrt', 'min_samples_leaf': 20, 'n_estimators': 5}",0.10651482163791659,0.12258953168044077,0.12635264162953533,0.12003270645952575,0.11887242535185462,0.007480426739472291,173
101.70866227149963,10.93646928824602,1.4095572233200073,1.402388957539666,balanced,10,sqrt,20,10,"{'class_weight': 'balanced', 'max_depth': 10, 'max_features': 'sqrt', 'min_samples_leaf': 20, 'n_estimators': 10}",0.11591255719369599,0.13096200485044462,0.13680949922560662,0.11930926216640503,0.12574833085903805,0.008481389793933092,164
114.80191892385483,5.3737249014823005,4.306263208389282,2.013709374823026,balanced,10,sqrt,20,20,"{'class_weight': 'balanced', 'max_depth': 10, 'max_features': 'sqrt', 'min_samples_leaf': 20, 'n_estimators': 20}",0.11229508196721312,0.10160880609652836,0.12138970280452072,0.11332801276935354,0.11215540090940394,0.007033802723440864,178
186.76075273752213,3.8251551475929313,3.686912477016449,0.37269427896633783,balanced,10,sqrt,20,50,"{'class_weight': 'balanced', 'max_depth': 10, 'max_features': 'sqrt', 'min_samples_leaf': 20, 'n_estimators': 50}",0.04734411085450346,0.06840390879478828,0.07352096496266514,0.0739514348785872,0.06580510487263602,0.010879559635597443,183
270.8459384441376,17.44119241728805,4.12369567155838,1.400612329278693,balanced,10,sqrt,20,100,"{'class_weight': 'balanced', 'max_depth': 10, 'max_features': 'sqrt', 'min_samples_leaf': 20, 'n_estimators': 100}",0.03558282208588957,0.029850746268656716,0.04114713216957606,0.04205607476635514,0.037159193822619375,0.004893399859444182,187
337.2062156200409,8.087681446389714,2.9659789204597473,1.18665480875339,balanced,10,sqrt,20,150,"{'class_weight': 'balanced', 'max_depth': 10, 'max_features': 'sqrt', 'min_samples_leaf': 20, 'n_estimators': 150}",0.02626641651031895,0.020942408376963352,0.026565464895635674,0.030915576694411414,0.026172466619332348,0.0035360244848587443,189
104.05041658878326,8.185181133419505,2.7772476077079773,0.4715661540005062,balanced,10,sqrt,50,5,"{'class_weight': 'balanced', 'max_depth': 10, 'max_features': 'sqrt', 'min_samples_leaf': 50, 'n_estimators': 5}",0.11480637813211846,0.12432432432432433,0.11237684729064039,0.12677331723513433,0.11957021674555438,0.0061017398744796034,172
89.0172837972641,5.168240679175664,3.21639746427536,1.9665814193468771,balanced,10,sqrt,50,10,"{'class_weight': 'balanced', 'max_depth': 10, 'max_features': 'sqrt', 'min_samples_leaf': 50, 'n_estimators': 10}",0.13214620431115276,0.13028682547399126,0.14852634021814806,0.1353243117125525,0.13657092042896113,0.00713361860758233,151
96.9879001379013,7.910434349521913,3.714702785015106,0.510088951435424,balanced,10,sqrt,50,20,"{'class_weight': 'balanced', 'max_depth': 10, 'max_features': 'sqrt', 'min_samples_leaf': 50, 'n_estimators': 20}",0.11136363636363636,0.12175873731679819,0.1445874337623013,0.13447782546494993,0.12804690822692144,0.012577940361682083,162
154.5177440047264,7.781657403910403,2.705724537372589,1.5744461713185456,balanced,10,sqrt,50,50,"{'class_weight': 'balanced', 'max_depth': 10, 'max_features': 'sqrt', 'min_samples_leaf': 50, 'n_estimators': 50}",0.09577754891864057,0.0883248730964467,0.09616423554835224,0.10104166666666667,0.09532708105752655,0.004543983768396617,180
213.44926989078522,7.443128518632541,4.886257529258728,1.6738505961353487,balanced,10,sqrt,50,100,"{'class_weight': 'balanced', 'max_depth': 10, 'max_features': 'sqrt', 'min_samples_leaf': 50, 'n_estimators': 100}",0.07317073170731707,0.06673960612691467,0.08695652173913043,0.07502799552071669,0.07547371377351972,0.007308247161866355,182
317.1845800280571,12.571498808962133,4.807608425617218,1.5627046506865818,balanced,10,sqrt,50,150,"{'class_weight': 'balanced', 'max_depth': 10, 'max_features': 'sqrt', 'min_samples_leaf': 50, 'n_estimators': 150}",0.06082289803220036,0.048505358150028204,0.06393244873341375,0.06318207926479034,0.05911069604510817,0.006229572373408011,184
533.954759657383,10.127101510085097,2.602042853832245,0.3116248808959628,balanced,10,0.2,5,5,"{'class_weight': 'balanced', 'max_depth': 10, 'max_features': 0.2, 'min_samples_leaf': 5, 'n_estimators': 5}",0.12569398178991784,0.14132174708438144,0.14024668798538145,0.14053579270970576,0.1369495523923466,0.006510302964225742,150
554.2593542337418,12.2921944351895,2.3907193541526794,0.7853114835731978,balanced,10,0.2,5,10,"{'class_weight': 'balanced', 'max_depth': 10, 'max_features': 0.2, 'min_samples_leaf': 5, 'n_estimators': 10}",0.13535660091047041,0.1408989480395282,0.1418673705047839,0.15858747993579456,0.14417759984764428,0.008682473491177041,143
561.4562736153603,17.3098184673511,3.960098147392273,1.3454388787937517,balanced,10,0.2,5,20,"{'class_weight': 'balanced', 'max_depth': 10, 'max_features': 0.2, 'min_samples_leaf': 5, 'n_estimators': 20}",0.12270916334661354,0.1439084219133279,0.13234653896386592,0.16726403823178015,0.14155704061389687,0.016631705705285986,145
1082.2012426257133,19.88863601637418,2.483116388320923,0.5601524623219042,balanced,10,0.2,5,50,"{'class_weight': 'balanced', 'max_depth': 10, 'max_features': 0.2, 'min_samples_leaf': 5, 'n_estimators': 50}",0.11529521152952116,0.11820781696854146,0.13373554550025138,0.15067264573991032,0.12947780493455607,0.014102377600388266,161
1926.2103214263916,44.72566219112287,3.076322078704834,1.3209163837657212,balanced,10,0.2,5,100,"{'class_weight': 'balanced', 'max_depth': 10, 'max_features': 0.2, 'min_samples_leaf': 5, 'n_estimators': 100}",0.11591355599214145,0.1171259842519685,0.11783271962125197,0.14772727272727273,0.12464988314815867,0.013341402616627729,166
2725.0780955553055,19.62846329604388,3.8801485300064087,3.1590768242438965,balanced,10,0.2,5,150,"{'class_weight': 'balanced', 'max_depth': 10, 'max_features': 0.2, 'min_samples_leaf': 5, 'n_estimators': 150}",0.1174713787954206,0.10579345088161209,0.11005291005291006,0.14021421616358326,0.11838298897338151,0.013278932543056335,175
519.0732192397118,30.376679800226,4.075461208820343,1.3849273591179683,balanced,10,0.2,10,5,"{'class_weight': 'balanced', 'max_depth': 10, 'max_features': 0.2, 'min_samples_leaf': 10, 'n_estimators': 5}",0.12871913905887317,0.13441433752933646,0.13578378378378378,0.15605573419078242,0.13874324864069396,0.010340488775678038,148
581.9417964220047,8.078646253135448,4.002255141735077,1.559804402582433,balanced,10,0.2,10,10,"{'class_weight': 'balanced', 'max_depth': 10, 'max_features': 0.2, 'min_samples_leaf': 10, 'n_estimators': 10}",0.14935064935064934,0.13722446445203354,0.14142640364188164,0.165057614450327,0.14826478297372286,0.010628150823834259,133
616.0134217739105,25.999020797350003,3.754517436027527,1.4025154384187672,balanced,10,0.2,10,20,"{'class_weight': 'balanced', 'max_depth': 10, 'max_features': 0.2, 'min_samples_leaf': 10, 'n_estimators': 20}",0.1347708894878706,0.1347068145800317,0.1340549542048293,0.16454689984101747,0.14201988952843725,0.013008991651176173,144
1122.0252815485,41.61934124101729,3.3217817544937134,1.427353925708855,balanced,10,0.2,10,50,"{'class_weight': 'balanced', 'max_depth': 10, 'max_features': 0.2, 'min_samples_leaf': 10, 'n_estimators': 50}",0.13758542141230068,0.1193621867881549,0.11656143759106362,0.1615881809787627,0.13377430669257048,0.017973092813007387,156
1940.5808590650558,54.43128090732745,4.8869354128837585,2.3141879033128583,balanced,10,0.2,10,100,"{'class_weight': 'balanced', 'max_depth': 10, 'max_features': 0.2, 'min_samples_leaf': 10, 'n_estimators': 100}",0.13103778096604496,0.1138996138996139,0.11486146095717883,0.14708691499522444,0.12672144270451552,0.013587141886365768,163
2710.9550654292107,9.137268083569467,2.492455005645752,0.6894697493468296,balanced,10,0.2,10,150,"{'class_weight': 'balanced', 'max_depth': 10, 'max_features': 0.2, 'min_samples_leaf': 10, 'n_estimators': 150}",0.12938271604938273,0.10677212061295106,0.10912799592044875,0.1466731423020884,0.12298899372121773,0.016255251556443064,167
584.6128492951393,14.060694833638562,3.9999805092811584,1.406323040782357,balanced,10,0.2,20,5,"{'class_weight': 'balanced', 'max_depth': 10, 'max_features': 0.2, 'min_samples_leaf': 20, 'n_estimators': 5}",0.13780634793089594,0.13995859213250517,0.13936377407487557,0.14782427649385801,0.14123824765803367,0.0038828108710511184,147
590.5119878649712,23.1272217927221,2.1249980330467224,1.1464527971371026,balanced,10,0.2,20,10,"{'class_weight': 'balanced', 'max_depth': 10, 'max_features': 0.2, 'min_samples_leaf': 20, 'n_estimators': 10}",0.14534567229178008,0.15471923536439666,0.15172008232872686,0.15587603559374041,0.15191525639466102,0.0040849601628234694,126
610.7908539175987,25.488240494694104,3.3592689037323,0.2809888215416251,balanced,10,0.2,20,20,"{'class_weight': 'balanced', 'max_depth': 10, 'max_features': 0.2, 'min_samples_leaf': 20, 'n_estimators': 20}",0.14703730797366496,0.1540796963946869,0.15674222051479061,0.16363636363636364,0.15537389712987654,0.0059437853250044635,116
1165.1056572198868,28.54350610275811,3.243617594242096,0.5540619040617224,balanced,10,0.2,20,50,"{'class_weight': 'balanced', 'max_depth': 10, 'max_features': 0.2, 'min_samples_leaf': 20, 'n_estimators': 50}",0.1510574018126888,0.13479052823315119,0.14396355353075171,0.16112084063047286,0.14773308105176614,0.009643679617411059,134
1875.1219606399536,38.7846435908743,1.8931002020835876,0.8725457011810022,balanced,10,0.2,20,100,"{'class_weight': 'balanced', 'max_depth': 10, 'max_features': 0.2, 'min_samples_leaf': 20, 'n_estimators': 100}",0.14435815440840566,0.12237272302662307,0.13590361445783133,0.16283348666053357,0.1413669946383484,0.014666187247930272,146
2205.630367875099,9.525020040285183,1.2750521898269653,0.16734666686490832,balanced,10,0.2,20,150,"{'class_weight': 'balanced', 'max_depth': 10, 'max_features': 0.2, 'min_samples_leaf': 20, 'n_estimators': 150}",0.1451990632318501,0.12009456264775414,0.12696850393700787,0.15873015873015872,0.1377480721366927,0.01519548217368835,149
649.3630933761597,18.744233534707053,1.9940970540046692,0.6225421794257321,balanced,10,0.2,50,5,"{'class_weight': 'balanced', 'max_depth': 10, 'max_features': 0.2, 'min_samples_leaf': 50, 'n_estimators': 5}",0.13737734165923282,0.16250231352952063,0.13888370356542842,0.15784586815227483,0.1491523067266142,0.011156777145745863,132
629.3125704526901,13.373240983638729,3.3374149799346924,0.8564219288947504,balanced,10,0.2,50,10,"{'class_weight': 'balanced', 'max_depth': 10, 'max_features': 0.2, 'min_samples_leaf': 50, 'n_estimators': 10}",0.15585042219541617,0.18065833120694055,0.15310519645120405,0.17479674796747968,0.1661026744552601,0.011847965738619591,89
636.0057744383812,23.51733256435858,3.732397496700287,0.6979365268500668,balanced,10,0.2,50,20,"{'class_weight': 'balanced', 'max_depth': 10, 'max_features': 0.2, 'min_samples_leaf': 50, 'n_estimators': 20}",0.16806722689075632,0.174881836596894,0.18224613315400134,0.18252933507170796,0.17693113292833992,0.005965683957728157,72
984.9584837555885,6.678255206561319,1.5164453387260437,0.5567021927777106,balanced,10,0.2,50,50,"{'class_weight': 'balanced', 'max_depth': 10, 'max_features': 0.2, 'min_samples_leaf': 50, 'n_estimators': 50}",0.17063042657606645,0.1782977006857604,0.17936117936117937,0.19254658385093168,0.18020897261848448,0.007879354494780654,64
1260.8318542838097,11.06383474688788,1.3074541687965393,0.09614118557370992,balanced,10,0.2,50,100,"{'class_weight': 'balanced', 'max_depth': 10, 'max_features': 0.2, 'min_samples_leaf': 50, 'n_estimators': 100}",0.16577319587628866,0.16347381864623245,0.17417417417417416,0.1844619858745326,0.17197079364280698,0.00823853098713442,83
1258.637728691101,37.60787598031311,0.15777045488357544,0.013167833361738586,balanced,10,0.2,50,150,"{'class_weight': 'balanced', 'max_depth': 10, 'max_features': 0.2, 'min_samples_leaf': 50, 'n_estimators': 150}",0.16252631578947369,0.16027574321413185,0.16394887615689732,0.18760611205432937,0.16858926180370803,0.01105721120034831,84
